license_plate,city_name,plate_name,latitude,longitude
A,Augsburg,Augsburg,48.371666666667,10.898333333333
AA,Ostalbkreis,AAlen,48.835,10.093333333333
AB,Aschaffenburg,AschaffenBurg,49.976702777778,9.1477472222222
ABG,Landkreis Altenburger Land,AltenBurG,50.96,12.4
ABI,Landkreis Anhalt-Bitterfeld,Anhalt-BItterfeld,51.77,12.07
AC,Städteregion Aachen,AaChen / Aix la Chapelle,50.7687,6.097
AE,Vogtlandkreis,AuErbach,50.48,12.12
AH,Kreis Borken,AHaus,51.8515,6.8424
AIB,Landkreis München,AIBling,48.07,11.63
AIC,Landkreis Aichach-Friedberg,AIChach,48.43,11.05
AK,Landkreis Altenkirchen (Westerwald),AltenKirchen,50.75,7.74
ALF,Landkreis Hildesheim,ALFeld,52.09,9.94
ALZ,Landkreis Aschaffenburg,ALZenau,50.01,9.24
AM,Amberg,AMberg,49.44522,11.858
AN,Ansbach,ANsbach,49.300833333333,10.571666666667
ANA,Erzgebirgskreis,ANnAberg,50.61,12.95
ANG,Landkreis Uckermark,ANGermünde,53.21,13.86
ANK,Kreis Anklam,ANKlam,52.075555555556,7.0066666666667
AÖ,Landkreis Altötting,AltÖtting,48.21,12.71
AP,Landkreis Weimarer Land,APolda,51,11.41
APD,Landkreis Weimarer Land,APolDa,51,11.41
ARN,Ilm-Kreis,ARNstadt,50.74,10.97
ART,Kyffhäuserkreis,ARTern,51.32,10.98
AS,Landkreis Amberg-Sulzbach,"Amberg, Sulzbach",49.49,11.8
ASL,Salzlandkreis,ASchersLeben,51.85,11.64
ASZ,Erzgebirgskreis,"Aue, SchwarZenberg",50.61,12.95
AT,Kreis Altentreptow,AltenTreptow,,
AU,Erzgebirgskreis,AUe,50.61,12.95
AUR,Landkreis Aurich,AURich,53.5,7.37
AW,Landkreis Ahrweiler,AhrWeiler,50.546357,7.10366
AZ,Landkreis Alzey-Worms,AlZey,49.76,8.16
AZE,Landkreis Anhalt-Bitterfeld,Landkreis Anhalt-ZErbst (bis 2007),51.77,12.07
B,Berlin,Berlin,52.518611111111,13.408333333333
BA,Bamberg,BAmberg,49.891666666667,10.891666666667
BAD,Baden-Baden,BADen-Baden,48.761944444444,8.2408333333333
BAR,Landkreis Barnim,BARnim,52.82,13.7
BB,Landkreis Böblingen,BöBlingen,48.682222222222,9.0097222222222
BBG,Salzlandkreis,BernBurG,51.85,11.64
BBL,Brandenburg,BrandenBurgische Landesregierung,52.459028,13.015833
BC,Landkreis Biberach,BiberaCh,48.096111111111,9.7927777777778
BCH,Neckar-Odenwald-Kreis,BuCHen,49.349166666667,9.1419444444444
BD,Deutscher Bundestag,BundesDienst[3],50.54,7.0905555555556
BE,Kreis Warendorf,BEckum,51.9414,7.9862
BED,Landkreis Mittelsachsen,Brand-ErbisDorf,50.913097,13.354863
BER,Landkreis Barnim,BERnau,52.82,13.7
BF,Kreis Steinfurt,BurgsteinFurt,52.21,7.58
BGD,Landkreis Berchtesgadener Land,BerchtesGaDen,47.7,12.9
BGL,Landkreis Berchtesgadener Land,BerchtesGadener Land,47.7,12.9
BH,Ortenaukreis,BüHl,48.464722222222,7.9411111111111
BI,Bielefeld,BIelefeld,52.02182,8.53509
BID,Landkreis Marburg-Biedenkopf,BIeDenkopf,50.786173,8.771918
BIN,Landkreis Mainz-Bingen,BINgen,49.92,8.08
BIR,Landkreis Birkenfeld,BIRkenfeld,49.71,7.28
BIT,Eifelkreis Bitburg-Prüm,BITburg,50.06,6.41
BIW,Landkreis Bautzen,BIschofsWerda,51.18,14.43
BK,Rems-Murr-Kreis,BacKnang,48.829722222222,9.3161111111111
LandkreisBörde,Börde,Sachsen-Anhalt,52.0606,11.4453
BKS,Landkreis Bernkastel-Wittlich,BernKaStel,49.92,6.97
BL,Zollernalbkreis,BaLingen,48.273611111111,8.8575
BLB,Kreis Siegen-Wittgenstein,BerLeBurg,50.94,8.19
BLK,Burgenlandkreis,BurgenLandKreis,51.15,11.88
BM,Rhein-Erft-Kreis,BergheiM,50.9513,6.6308
BN,Bonn,BonN,50.733991666667,7.0998138888889
BNA,Landkreis Leipzig,BorNA,51.116666666667,12.5
BO,Bochum,BOchum,51.48012,7.21662
BÖ,Landkreis Börde,BÖrde,52.22,11.35
BOG,Landkreis Straubing-Bogen,BOGen,48.9,12.58
BOH,Kreis Borken,BOcHolt,51.8515,6.8424
BOR,Kreis Borken,BORken,51.8515,6.8424
BOT,Bottrop,BOTtrop,51.524722222222,6.9227777777778
BP,Bundespolizei,BundesPolizei,49.974722222222,6.5255555555556
BR,Landkreis Karlsruhe,BRuchsal,49.07,8.52
BRA,Landkreis Wesermarsch,BRAke,53.35,8.39
BRB,Brandenburg an der Havel,BRandenBurg,52.414166666667,12.554166666667
BRG,Landkreis Jerichower Land,BuRG,52.26,12.03
BRK,Landkreis Bad Kissingen,BRücKenau,50.22,9.96
BRL,Landkreis Goslar,BRaunLage,51.87,10.4
BRV,Landkreis Rotenburg (Wümme),BRemerVörde,53.25,9.31
BS,Braunschweig,BraunSchweig,52.269166666667,10.521111111111
BSB,Landkreis Osnabrück,BerSenBrück,52.38,8.05
BSK,Landkreis Oder-Spree,BeeSKow,52.24,14.22
BT,Bayreuth,BayreuTh,49.9475,11.5775
BTF,Landkreis Anhalt-Bitterfeld,BitTerFeld,51.77,12.07
BÜD,Wetteraukreis,BÜDingen,50.333333333333,8.7524305555556
BUL,Landkreis Amberg-Sulzbach,BUrgLengenfeld,49.49,11.8
BÜR,Kreis Paderborn,BÜRen,51.71,8.74
BÜS,Büsingen am Hochrhein,BÜSingen,47.696944444444,8.6902777777778
BÜZ,Landkreis Rostock,BÜtZow,53.91,12.25
BW,Wasserstraßen- und Schifffahrtsverwaltung des Bundes,Bundes-Wasserstraßen- und Schifffahrtsverwaltung,,
BWL,Landesregierung,Baden-Württembergischer Landtag,,
BYL,"Bayern, Landesregierung",BaYerischer Landtag,48.139722222222,11.574444444444
BZ,Landkreis Bautzen,BautZen,51.18,14.43
C,Chemnitz,Chemnitz,50.832222222222,12.924166666667
CA,Landkreis Oberspreewald-Lausitz,CAlau,51.518888888889,14.005555555556
CAS,Kreis Recklinghausen,CAStrop,51.608888888889,7.2047222222222
CB,Cottbus,CottBus,51.760662,14.334342
CE,Landkreis Celle,CElle,52.71,10.1
CHA,Landkreis Cham,CHAm,49.208539,12.667589
CLP,Landkreis Cloppenburg,CLopPenburg,52.91,7.9
CLZ,Landkreis Goslar,CLausthal-Zellerfeld,51.87,10.4
CO,Coburg,COburg,50.266666666667,10.966666666667
COC,Landkreis Cochem-Zell,COChem,50.13,7.18
COE,Kreis Coesfeld,COEsfeld,51.9442,7.1744
CR,Landkreis Schwäbisch Hall,CRailsheim,49.116111111111,9.7372222222222
CUX,Landkreis Cuxhaven,CUXhaven,53.62,8.81
CW,Landkreis Calw,CalW,48.7,8.74
D,Düsseldorf,Düsseldorf,51.225555555556,6.7827777777778
DA,Landkreis Darmstadt-Dieburg,DArmstadt,49.898472222222,8.6755555555556
DAH,Landkreis Dachau,DAcHau,48.33,11.36
DAN,Landkreis Lüchow-Dannenberg,DANnenberg,53.02,11.12
DAU,Landkreis Vulkaneifel,DAUn,50.24,6.75
DBR,Landkreis Rostock,DoBeRan,53.91,12.25
DD,Dresden,DresDen,51.049259,13.73836
DE,Dessau-Roßlau,DEssau,51.860555555556,12.246944444444
DEG,Landkreis Deggendorf,DEGgendorf,48.78,13
DEL,Delmenhorst,DELmenhorst,53.049722222222,8.6338888888889
DGF,Landkreis Dingolfing-Landau,DinGolFing,48.64,12.61
DH,Landkreis Diepholz,DiepHolz,52.72,8.73
DI,Landkreis Darmstadt-Dieburg,DIeburg,49.898472222222,8.6755555555556
DIL,Lahn-Dill-Kreis,DILlenburg,50.560277777778,8.5001388888889
DIN,Kreis Wesel,DINslaken,51.65766,6.61537
DIZ,Rhein-Lahn-Kreis,DIeZ,50.33298753721,7.7070486545563
DKB,Landkreis Ansbach,DinKelsBühl,49.25,10.47
DL,Landkreis Mittelsachsen,DöbeLn,50.913097,13.354863
DLG,Landkreis Dillingen an der Donau,DilLinGen,48.6,10.53
DM,Landkreis Demmin,DemMin,53.8,13.04
DN,Kreis Düren,DüreN,50.8057,6.4879
DO,Dortmund,DOrtmund,51.514166666667,7.4638888888889
DON,Landkreis Donau-Ries,DONauwörth,48.773965,10.745877
DS,Schwarzwald-Baar-Kreis,DonaueSchingen,48.06,8.4677777777778
DU,Duisburg,DUisburg,51.433438,6.766144
DUD,Landkreis Göttingen,DUDerstadt,51.5,9.93
DÜW,Landkreis Bad Dürkheim,DÜrkheim an der Weinstraße,49.45,8.11
DW,Landkreis Sächsische Schweiz-Osterzgebirge,DippoldisWalde,50.92,13.87
DZ,Landkreis Nordsachsen,DelitZsch,51.47,12.78
E,Essen,Essen,51.458069444444,7.0147611111111
EA,Wartburgkreis,EisenAch,50.89,10.21
EB,Landkreis Nordsachsen,EilenBurg,51.47,12.78
EBE,Landkreis Ebersberg,EBErsberg,48.075645,11.969566
EBN,Landkreis Haßberge,EBerN,50.06,10.61
EBS,Landkreis Bayreuth,EBermannStadt,49.88,11.56
ECK,Kreis Rendsburg-Eckernförde,ECKernförde,54.29,9.78
ED,Landkreis Erding,ErDing,48.3,12
EE,Landkreis Elbe-Elster,"Elbe, Elster",51.6925,13.235555555556
EF,Erfurt,ErFurt,50.978055555556,11.029166666667
EG,Landkreis Rottal-Inn,EGgenfelden,48.42,12.87
EH,Landkreis Oder-Spree,EisenHüttenstadt,52.24,14.22
EI,Landkreis Eichstätt,EIchstätt,48.9,11.37
EIC,Landkreis Eichsfeld,EIChsfeld,51.38,10.25
EIL,Landkreis Mansfeld-Südharz,EIsLeben,51.54,11.36
EIN,Landkreis Northeim,EINbeck,51.74,9.85
EIS,Saale-Holzland-Kreis,EISenberg,50.92,11.75
EL,Landkreis Emsland,EmsLand,52.74,7.4
EM,Landkreis Emmendingen,EMmendingen,48.12,7.8486111111111
EMD,Emden,EMDen,53.366944444444,7.2055555555556
EMS,Rhein-Lahn-Kreis,EMS,50.33298753721,7.7070486545563
EN,Ennepe-Ruhr-Kreis,ENnepe,51.346666666667,7.3238888888889
ER,Erlangen,ERlangen,49.596361111111,11.004311111111
ERB,Odenwaldkreis,ERBach,49.663353649923,8.994015455246
ERH,Landkreis Erlangen-Höchstadt,"ERlangen, Höchstadt",49.64,10.91
ERK,Kreis Heinsberg,ERKelenz,51.061,6.1081
ERZ,Erzgebirgskreis,ERZgebirge,50.61,12.95
ES,Landkreis Esslingen,ESslingen,48.734166666667,9.3105555555556
ESB,Landkreis Amberg-Sulzbach,ESchenBach,49.49,11.8
ESW,Werra-Meißner-Kreis,ESchWege,51.188541666667,10.053333333333
EU,Kreis Euskirchen,EUskirchen,50.6692,6.7838
EW,Landkreis Barnim,EbersWalde,52.82,13.7
F,Frankfurt am Main,Frankfurt,50.110555555556,8.6822222222222
FB,Wetteraukreis,FriedBerg,50.333333333333,8.7524305555556
FD,Landkreis Fulda,FulDa,50.560138888889,9.6861111111111
FDB,Landkreis Aichach-Friedberg,FrieDBerg,48.43,11.05
FDS,Landkreis Freudenstadt,FreuDenStadt,48.461111111111,8.4180555555556
FEU,Landkreis Ansbach,FEUchtwangen,49.25,10.47
FF,Frankfurt (Oder),FrankFurt,52.342083333333,14.551666666667
FFB,Landkreis Fürstenfeldbruck,FürstenFeldBruck,48.19,11.2
FG,Landkreis Mittelsachsen,FreiberG,50.913097,13.354863
FI,Landkreis Elbe-Elster,FInsterwalde,51.6925,13.235555555556
FKB,Landkreis Waldeck-Frankenberg,FranKenBerg,51.269298,8.856665
FL,Flensburg,FLensburg,54.78276,9.43628
FLÖ,Landkreis Mittelsachsen,FLÖha,50.913097,13.354863
FN,Bodenseekreis,FriedrichshafeN,47.657777777778,9.4519444444444
FO,Landkreis Forchheim,FOrchheim,49.72,11.17
FOR,Landkreis Spree-Neiße,FORst,51.75,14.652777777778
FR,Freiburg im Breisgau,FReiburg,47.994828,7.849881
FRG,Landkreis Freyung-Grafenau,"FReyung, Grafenau",48.83,13.51
FRI,Landkreis Friesland,FRIesland,53.51,7.98
FRW,Landkreis Märkisch-Oderland,FReienWalde,52.61,14.15
FS,Landkreis Freising,FreiSing,48.45,11.74
FT,Frankenthal (Pfalz),FrankenThal,49.53537,8.35424
FTL,Landkreis Sächsische Schweiz-Osterzgebirge,FreiTaL,50.92,13.87
FÜ,Fürth,FÜrth,49.4774,10.98844
FÜS,Landkreis Ostallgäu,FÜSsen,47.77,10.64
FW,Landkreis Oder-Spree,FürstenWalde,52.24,14.22
FZ,Schwalm-Eder-Kreis,FritZlar,51.035,9.4008333333333
G,Gera,Gera,50.880555555556,12.083333333333
GA,Altmarkkreis Salzwedel,GArdelegen,52.68,11.23
GAN,Landkreis Northeim,GANdersheim,51.74,9.85
GAP,Landkreis Garmisch-Partenkirchen,GArmisch-Partenkirchen,47.56,11.13
GC,Landkreis Zwickau,GlauChau,50.75,12.53
GD,Ostalbkreis,GmünD,48.835,10.093333333333
GDB,Landkreis Gadebusch,GaDeBusch,50.555894,9.681372
GE,Gelsenkirchen,GElsenkirchen,51.511111111111,7.1005555555556
GEL,Kreis Kleve,GELdern,51.781,6.1382
GEO,Landkreis Haßberge,GErOlzhofen,50.06,10.61
GER,Landkreis Germersheim,GERmersheim,49.12,8.25
GF,Landkreis Gifhorn,GiFhorn,52.58,10.6
GG,Kreis Groß-Gerau,Groß-Gerau,49.912638888889,8.4783333333333
GHA,Landkreis Leipzig,GeitHAin,51.116666666667,12.5
GHC,Landkreis Wittenberg,GräfenHainiChen,51.82,12.7
GI,Landkreis Gießen,GIeßen,50.574930555556,8.7090277777778
GK,Kreis Heinsberg,GeilenKirchen,51.061,6.1081
GL,Rheinisch-Bergischer Kreis,GLadbach,50.9768,7.1432
GLA,Kreis Recklinghausen,GLAdbeck,51.608888888889,7.2047222222222
GM,Oberbergischer Kreis,GumMersbach,51.01,7.52
GMN,Landkreis Grimmen,GrimMeN,,
GN,Main-Kinzig-Kreis,GelnhauseN,50.201111111111,9.1975
GNT,Landkreis Jerichower Land,GeNThin,52.26,12.03
GÖ,Landkreis Göttingen,GÖttingen,51.5,9.93
GOA,Rhein-Hunsrück-Kreis,Sankt GOAr,50.04,7.5
GOH,Rhein-Lahn-Kreis,Sankt GOarsHausen,50.33298753721,7.7070486545563
GP,Landkreis Göppingen,GöpPingen,48.706111111111,9.6486111111111
GR,Landkreis Görlitz,GöRlitz,51.28,14.82
GRA,Landkreis Freyung-Grafenau,GRAfenau,48.83,13.51
GRH,Landkreis Meißen,GRoßenHain,51.166666666667,13.483333333333
GRI,Landkreis Rottal-Inn,GRIesbach,48.42,12.87
GRM,Landkreis Leipzig,GRimMa,51.116666666667,12.5
GRZ,Landkreis Greiz,GReiZ,50.75,12.07
GS,Landkreis Goslar,GoSlar,51.87,10.4
GT,Kreis Gütersloh,GüTersloh,51.93,8.35
GTH,Landkreis Gotha,GoTHa,50.91,10.69
GÜ,Landkreis Rostock,GÜstrow,53.91,12.25
GUB,Landkreis Spree-Neiße,GUBen,51.75,14.652777777778
GUN,Landkreis Weißenburg-Gunzenhausen,GUNzenhausen,49.03,10.89
GV,Rhein-Kreis Neuss,GreVenbroich,51.1966,6.6953
GVM,Kreis Grevesmühlen,GreVesMühlen,53.7,11.116666666667
GW,Landkreis Greifswald,GreifsWald,,
GZ,Landkreis Günzburg,GünZburg,48.35,10.38
H,Region Hannover,Hannover,52.42,9.72
HA,Hagen,HAgen,51.359444444444,7.475
HAB,Landkreis Bad Kissingen,HAmmelBurg,50.22,9.96
HAL,Halle (Saale),HALle,51.482777777778,11.97
HAM,Hamm,HAMm,51.68123,7.81913
HAS,Landkreis Haßberge,HASsfurt,50.06,10.61
HB,Bremen,Hansestadt Bremen,53.075877777778,8.8073111111111
HBN,Landkreis Hildburghausen,HildBurghauseN,50.43,10.73
HBS,Landkreis Harz,HalBerStadt,51.82,10.96
HC,Landkreis Mittelsachsen,HainiChen,50.913097,13.354863
HCH,Landkreis Freudenstadt,HeCHingen,48.461111111111,8.4180555555556
HD,Heidelberg,HeiDelberg,49.41032,8.69707
HDH,Landkreis Heidenheim,HeiDenHeim,48.681944444444,10.149444444444
HDL,Landkreis Börde,HalDensLeben,52.22,11.35
HE,Landkreis Helmstedt,HElmstedt,52.26,10.89
HEB,Landkreis Nürnberger Land,HErsBruck,49.49,11.37
HEF,Landkreis Hersfeld-Rotenburg,HErsFeld,50.871597222222,9.7160416666667
HEI,Kreis Dithmarschen,HEIde,54.13,9.11
HEL,"Hessen, Landesregierung",HEssischer Landtag,48.7025,9.6527777777778
HER,Herne,HERne,51.541944444444,7.2238888888889
HET,Landkreis Mansfeld-Südharz,HETtstedt,51.54,11.36
HF,Kreis Herford,HerFord,52.1682,8.6444
HG,Hochtaunuskreis,HomburG,50.215416666667,8.6163888888889
HGN,Landkreis Ludwigslust-Parchim,HaGeNow,53.45,11.55
HGW,Greifswald,Hansestadt GreifsWald,54.095833333333,13.381111111111
HH,Freie und Hansestadt Hamburg,Hansestadt Hamburg,53.550556,9.993333
HHM,Burgenlandkreis,HoHenMölsen,51.15,11.88
HI,Landkreis Hildesheim,HIldesheim,52.09,9.94
HIG,Landkreis Eichsfeld,HeilIGenstadt,51.38,10.25
HIP,Landkreis Roth,HIlPoltstein,49.2,11.12
HK,Landkreis Heidekreis,HeideKreis,52.92,9.75
HL,Lübeck,Hansestadt Lübeck,53.8677,10.68508
HM,Landkreis Hameln-Pyrmont,HaMeln,52.1,9.39
HMÜ,Landkreis Göttingen,Hann. MÜnden,51.5,9.93
HN,Heilbronn,HeilbronN,49.141666666667,9.2222222222222
HO,Hof,HOf,50.321944444444,11.918888888889
HOG,Landkreis Kassel,HOfGeismar,51.311111111111,9.4859027777778
HOH,Landkreis Haßberge,HOfHeim,50.06,10.61
HOL,Landkreis Holzminden,HOLzminden,51.88,9.55
HOM,Saarpfalz-Kreis,HOMburg,49.25,7.24
HOR,Landkreis Freudenstadt,HORb,48.461111111111,8.4180555555556
HÖS,Landkreis Erlangen-Höchstadt,HÖchStadt,49.64,10.91
HOT,Landkreis Zwickau,HOhensTein,50.75,12.53
HP,Landkreis Bergstraße,HepPenheim,49.640763888889,8.644375
HR,Schwalm-Eder-Kreis,HombeRg,51.035,9.4008333333333
HRO,Rostock,Hansestadt ROstock,54.08816,12.13468
HS,Kreis Heinsberg,HeinSberg,51.061,6.1081
HSK,Hochsauerlandkreis,HochSauerlandKreis,51.306666666667,8.3847222222222
HST,Stralsund,Hansestadt STralsund,54.313888888889,13.089722222222
HU,Hanau,HanaU,50.133333333333,8.9166666666667
HV,Landkreis Stendal,HaVelberg,52.7,11.84
HVL,Landkreis Havelland,HaVelLand,52.6075,12.3325
HWI,Wismar,Hansestadt WIsmar,53.888213888889,11.462016666667
HX,Kreis Höxter,HöXter,51.68,9.18
HY,Landkreis Bautzen,HoYerswerda,51.18,14.43
HZ,Landkreis Harz,HarZ,51.82,10.96
IGB,St. Ingbert,InGBert,49.278888888889,7.115
IK,Ilm-Kreis,Ilm-Kreis,50.74,10.97
IL,Ilm-Kreis,ILmenau,50.74,10.97
ILL,Landkreis Neu-Ulm,ILLertissen,48.3,10.14
IN,Ingolstadt,INgolstadt,48.76415,11.42434
IZ,Kreis Steinburg,ItZehoe,53.92,9.51
J,Jena,Jena,50.927205555556,11.586361111111
JB,Landkreis Teltow-Fläming,JüterBog,52.07,13.28
JE,Landkreis Wittenberg,JEssen,51.82,12.7
JL,Landkreis Jerichower Land,Jerichower Land,52.26,12.03
JÜL,Kreis Düren,JÜLich,50.8057,6.4879
K,Köln,Köln,50.938055555556,6.9569444444444
KA,Karlsruhe,KArlsruhe,49.014,8.4043
KB,Landkreis Waldeck-Frankenberg,KorBach,51.269298,8.856665
KC,Landkreis Kronach,KronaCh,50.33,11.37
KE,Kempten (Allgäu),KEmpten,47.733333333333,10.316666666667
KEH,Landkreis Kelheim,KElHeim,48.82,11.86
KEL,Ortenaukreis,KEhL,48.464722222222,7.9411111111111
KEM,Landkreis Bayreuth,KEMnath,49.88,11.56
KF,Kaufbeuren,KauFbeuren,47.881111111111,10.624166666667
KG,Landkreis Bad Kissingen,KissinGen,50.22,9.96
KH,Landkreis Bad Kreuznach,KreuznacH,49.82,7.69
KI,Kiel,KIel,54.32321,10.14019
KIB,Donnersbergkreis,KIrchheimBolanden,49.63,7.91
KK,Kreis Viersen,"Kempen, Krefeld",51.2585,6.3918
KL,Kaiserslautern,KaisersLautern,49.44371,7.76987
KLE,Kreis Kleve,KLEve,51.781,6.1382
KLZ,Altmarkkreis Salzwedel,KLötZe,52.68,11.23
KM,Landkreis Bautzen,KaMenz,51.18,14.43
KN,Landkreis Konstanz,KoNstanz,47.669166666667,9.1777777777778
KO,Koblenz,KOblenz,50.356666666667,7.5938888888889
KÖN,Landkreis Rhön-Grabfeld,KÖNigshofen,50.37,10.25
KÖT,Landkreis Anhalt-Bitterfeld,KÖThen,51.77,12.07
KÖZ,Landkreis Cham,KÖtZting,49.208539,12.667589
KR,Krefeld,KRefeld,51.33262,6.56238
KRU,Landkreis Günzburg,KRUmbach,48.35,10.38
KS,Landkreis Kassel,KasSel,51.311111111111,9.4859027777778
KT,Landkreis Kitzingen,KiTzingen,49.75,10.26
KU,Landkreis Kulmbach,KUlmbach,50.086666,11.397285
KÜN,Hohenlohekreis,KÜNzelsau,49.2775,9.6866666666667
KUS,Landkreis Kusel,KUSel,49.55,7.47
KW,Landkreis Dahme-Spreewald,Königs Wusterhausen,51.941944444444,13.896388888889
KY,Landkreis Ostprignitz-Ruppin,KYritz,52.991375,12.636131
KYF,Kyffhäuserkreis,KYFfhäuser,51.32,10.98
L,Leipzig,Leipzig,51.340333333333,12.37475
LA,Landshut,LAndshut,48.537222222222,12.152222222222
LAN,Landkreis Dingolfing-Landau,LANdau,48.64,12.61
LAU,Landkreis Nürnberger Land,LAUf,49.49,11.37
LB,Landkreis Ludwigsburg,LudwigsBurg,48.890277777778,9.2011111111111
LBS,Saale-Orla-Kreis,LoBenStein,50.58,11.71
LBZ,Landkreis Ludwigslust-Parchim,LüBZ,53.45,11.55
LC,Landkreis Dahme-Spreewald,LuCkau,51.941944444444,13.896388888889
LD,Landau in der Pfalz,LanDau,49.199444444444,8.1230555555556
LDK,Lahn-Dill-Kreis,Lahn-Dill-Kreis,50.560277777778,8.5001388888889
LDS,Landkreis Dahme-Spreewald,Landkreis Dahme-Spreewald,51.941944444444,13.896388888889
LEO,Landkreis Böblingen,LEOnberg,48.682222222222,9.0097222222222
LER,Landkreis Leer,LEeR,53.24,7.48
LEV,Leverkusen,LEVerkusen,51.033333333333,6.9833333333333
LF,Landkreis Altötting,LauFen,48.21,12.71
LG,Landkreis Lüneburg,LüneburG,53.23,10.57
LH,Kreis Coesfeld,LüdingHausen,51.9442,7.1744
LI,Landkreis Lindau (Bodensee),LIndau,47.6,9.86
LIB,Landkreis Elbe-Elster,LIeBenwerda,51.6925,13.235555555556
LIF,Landkreis Lichtenfels,LIchtenFels,50.11,11.12
LIP,Kreis Lippe,LIPpe,51.93619,8.847872
LK,Kreis Minden-Lübbecke,LübbecKe,52.281944444444,8.9111111111111
LL,Landkreis Landsberg am Lech,Landsberg am Lech,48.02,10.95
LM,Landkreis Limburg-Weilburg,LiMburg,50.386875,8.0595138888889
LN,Landkreis Dahme-Spreewald,LübbeN,51.941944444444,13.896388888889
LÖ,Landkreis Lörrach,LÖrrach,47.614444444444,7.6622222222222
LÖB,Landkreis Görlitz,LÖBau,51.28,14.82
LOS,Landkreis Oder-Spree,Landkreis Oder-Spree,52.24,14.22
LP,Kreis Soest,LiPpstadt,51.56,8.22
LR,Ortenaukreis,LahR,48.464722222222,7.9411111111111
LRO,Landkreis Rostock,Landkreis ROstock,53.91,12.25
LSA,Sachsen-Anhalt,Land Sachsen-Anhalt,51.971346,11.469727
LSN,Sachsen,Landtag SachseN,51.049333333333,13.738138888889
LSZ,Unstrut-Hainich-Kreis,LangenSalZa,51.19,10.55
LU,Ludwigshafen am Rhein,LUdwigshafen,49.483055555556,8.4477777777778
LÜN,Kreis Unna,LÜNen,51.578333333333,7.6366666666667
LUK,Landkreis Teltow-Fläming,LUcKenwalde,52.07,13.28
LUP,Landkreis Ludwigslust-Parchim,"LUdwigslust, Parchim",53.45,11.55
LWL,Landkreis Ludwigslust-Parchim,LudWigsLust,53.45,11.55
M,München,München,48.139722222222,11.574444444444
MA,Mannheim,MAnnheim,49.48776,8.46622
MAB,Erzgebirgskreis,MArienBerg,50.61,12.95
MAI,Landkreis Kelheim,MAInburg,48.82,11.86
MAK,Landkreis Wunsiedel im Fichtelgebirge,MArKtredwitz,50.09,12.04
MAL,Landkreis Landshut,MALlersdorf,48.56,12.2
MB,Landkreis Miesbach,MiesBach,47.74,11.81
MC,Landkreis Mecklenburgische Seenplatte,MalChin,53.55,12.98
MD,Magdeburg,MagDeburg,52.133333333333,11.616666666667
ME,Kreis Mettmann,MEttmann,51.2527,6.9714
MED,Kreis Dithmarschen,MElDorf,54.13,9.11
MEG,Schwalm-Eder-Kreis,MElsunGen,51.035,9.4008333333333
MEI,Landkreis Meißen,MEIßen,51.166666666667,13.483333333333
MEK,Erzgebirgskreis,Mittlerer ErzgebirgsKreis,50.61,12.95
MEL,Landkreis Osnabrück,MELle,52.38,8.05
MER,Saalekreis,MERseburg,51.43,11.87
MET,Landkreis Rhön-Grabfeld,MEllrichstadT,50.37,10.25
MG,Mönchengladbach,MönchenGladbach,51.19414,6.43161
MGH,Main-Tauber-Kreis,MerGentHeim,49.623055555556,9.6611111111111
MGN,Landkreis Schmalkalden-Meiningen,MeininGeN,50.63,10.4
MH,Mülheim an der Ruhr,MülHeim,51.433055555556,6.8830555555556
MHL,Unstrut-Hainich-Kreis,MüHLhausen,51.19,10.55
MI,Kreis Minden-Lübbecke,MInden,52.281944444444,8.9111111111111
MIL,Landkreis Miltenberg,MILtenberg,49.76,9.23
MK,Märkischer Kreis,Märkischer Kreis,51.262222222222,7.7127777777778
MKK,Main-Kinzig-Kreis,Main-Kinzig-Kreis,50.201111111111,9.1975
ML,Landkreis Mansfeld-Südharz,Mansfelder Land,51.54,11.36
MM,Memmingen,MemMingen,47.987777777778,10.181111111111
MN,Landkreis Unterallgäu,MiNdelheim,48.04,10.39
MO,Kreis Wesel,MOers,51.65766,6.61537
MOD,Landkreis Ostallgäu,MarktOberDorf,47.77,10.64
MOL,Landkreis Märkisch-Oderland,Märkisch-OderLand,52.61,14.15
MON,Städteregion Aachen,MONschau,50.7687,6.097
MOS,Neckar-Odenwald-Kreis,MOSbach,49.349166666667,9.1419444444444
MQ,Saalekreis,"Merseburg, Querfurt",51.43,11.87
MR,Landkreis Marburg-Biedenkopf,MaRburg,50.786173,8.771918
MS,Münster,MünSter,51.962944444444,7.6286944444444
MSE,Landkreis Mecklenburgische Seenplatte,Mecklenburgische SEenplatte,53.55,12.98
MSH,Landkreis Mansfeld-Südharz,"Mansfeld, SüdHarz",51.54,11.36
MSP,Landkreis Main-Spessart,"Main, SPessart",49.99,9.66
MST,Landkreis Mecklenburgische Seenplatte,Mecklenburg-STrelitz,53.55,12.98
MTK,Main-Taunus-Kreis,Main-Taunus-Kreis,50.079583333333,8.4495833333333
MTL,Landkreis Leipzig,MuldenTaL,51.116666666667,12.5
MUC,München,MUenChen,48.139722222222,11.574444444444
MÜ,Landkreis Mühldorf am Inn,MÜhldorf,48.241074,12.383252
MÜB,Landkreis Bayreuth,MÜnchBerg,49.88,11.56
MÜL,Landkreis Breisgau-Hochschwarzwald,MÜLlheim,47.999444444444,7.8577777777778
MÜR,Landkreis Mecklenburgische Seenplatte,MÜRitz,53.55,12.98
MVL,Mecklenburg-Vorpommern,Mecklenburg-Vorpommerscher Landtag,53.612062,12.700195
MW,Landkreis Mittelsachsen,MittWeida,50.913097,13.354863
MY,Landkreis Mayen-Koblenz,MaYen,50.33,7.33
MYK,Landkreis Mayen-Koblenz,"MaYen, Koblenz",50.33,7.33
MZ,Mainz,MainZ,50,8.2711111111111
MZG,Landkreis Merzig-Wadern,MerZiG,49.5,6.68
N,Nürnberg,Nürnberg,49.455555555556,11.078611111111
NAB,Landkreis Amberg-Sulzbach,NABburg,49.49,11.8
NAI,Landkreis Hof,NAIla,50.288462,11.795197
NAU,Landkreis Havelland,NAUen,52.6075,12.3325
NB,Neubrandenburg,NeuBrandenburg,53.557,13.261
ND,Landkreis Neuburg-Schrobenhausen,Neuburg an der Donau,48.66,11.2
NDH,Landkreis Nordhausen,NorDHausen,51.5,10.73
NE,Rhein-Kreis Neuss,NEuss,51.1966,6.6953
NEA,Landkreis Neustadt an der Aisch-Bad Windsheim,NEustadt an der Aisch,49.57,10.47
NEB,Burgenlandkreis,NEBra,51.15,11.88
NEC,Coburg,NEustadt bei Coburg,50.266666666667,10.966666666667
NEN,Landkreis Schwandorf,NEuNburg,49.37,12.25
NES,Landkreis Rhön-Grabfeld,NEustadt an der Saale,50.37,10.25
NEU,Landkreis Breisgau-Hochschwarzwald,NEUstadt,47.999444444444,7.8577777777778
NEW,Landkreis Neustadt an der Waldnaab,NEustadt an der Waldnaab,49.69,12.1
NF,Kreis Nordfriesland,NordFriesland,54.477019,9.051147
NH,Landkreis Sonneberg,NeuHaus,50.41,11.13
NI,Landkreis Nienburg/Weser,NIenburg,52.61,9.11
NK,Landkreis Neunkirchen,NeunKirchen,49.38,7.12
NL,Niedersachsen,Niedersächsischer Landtag,52.756243,9.393311
NM,Landkreis Neumarkt in der Oberpfalz,NeuMarkt,49.22,11.57
NMB,Burgenlandkreis,NauMBurg,51.15,11.88
NMS,Neumünster,NeuMünSter,54.07284,9.98595
NÖ,Landkreis Donau-Ries,NÖrdlingen,48.773965,10.745877
NOH,Landkreis Grafschaft Bentheim,NOrdHorn,52.48,7.02
NOL,Landkreis Görlitz,Niederschlesische OberLausitz,51.28,14.82
NOM,Landkreis Northeim,NOrtheiM,51.74,9.85
NOR,Landkreis Aurich,NORden,53.5,7.37
NP,Landkreis Ostprignitz-Ruppin,NeurupPin,52.991375,12.636131
NR,Landkreis Neuwied,Neuwied am Rhein,50.56,7.47
NRW,Nordrhein-Westfalen,NordRhein-Westfalen,51.478333333333,7.555
NT,Landkreis Esslingen,NürTingen,48.734166666667,9.3105555555556
NU,Landkreis Neu-Ulm,Neu-Ulm,48.3,10.14
NVP,Landkreis Vorpommern-Rügen,NordVorPommern,54.25,13.02
NW,Neustadt an der Weinstraße,Neustadt an der Weinstraße,49.35,8.15
NWM,Landkreis Nordwestmecklenburg,NordWestMecklenburg,53.82,11.25
NY,Landkreis Görlitz,NieskY,51.28,14.82
NZ,Landkreis Mecklenburgische Seenplatte,NeustrelitZ,53.55,12.98
OA,Landkreis Oberallgäu,OberAllgäu,47.57,10.26
OAL,Landkreis Ostallgäu,OstALlgäu,47.77,10.64
OB,Oberhausen,OBerhausen,51.470277777778,6.8522222222222
OBB,Landkreis Miltenberg,OBernBurg,49.76,9.23
OBG,Landkreis Stendal,OsterBurG,52.7,11.84
OC,Landkreis Börde,OsChersleben,52.22,11.35
OCH,Landkreis Würzburg,OCHsenfurt,49.66,10
OD,Kreis Stormarn,OlDesloe,53.72,10.33
OE,Kreis Olpe,OlpE,51.085833333333,7.9761111111111
OF,Landkreis Offenbach,OFfenbach,50.018236,8.785651
OG,Ortenaukreis,OffenburG,48.464722222222,7.9411111111111
OH,Kreis Ostholstein,OstHolstein,54.19,10.82
OHA,Landkreis Göttingen,Osterode am HArz,51.5,9.93
ÖHR,Hohenlohekreis,ÖHRingen,49.2775,9.6866666666667
OHV,Landkreis Oberhavel,OberHaVel,52.91,13.21
OHZ,Landkreis Osterholz,OsterHolZ,53.25,8.81
OK,Landkreis Börde,OhreKreis,52.22,11.35
OL,Oldenburg,OLdenburg,53.143889,8.213889
OP,Leverkusen,OPladen,51.033333333333,6.9833333333333
OPR,Landkreis Ostprignitz-Ruppin,"OstPrignitz, Ruppin",52.991375,12.636131
OS,Osnabrück,OSnabrück,52.278888888889,8.0430555555556
OSL,Landkreis Oberspreewald-Lausitz,"OberSpreewald, Lausitz",51.518888888889,14.005555555556
OTW,Landkreis Neunkirchen,OTtWeiler,49.38,7.12
OVI,Landkreis Schwandorf,OberVIechtach,49.37,12.25
OVL,Vogtlandkreis,OberVogtLand,50.48,12.12
OZ,Landkreis Nordsachsen,OschatZ,51.47,12.78
P,Potsdam,Potsdam,52.395833333333,13.061388888889
PA,Passau,PAssau,48.5733333,13.456944
PAF,Landkreis Pfaffenhofen an der Ilm,PfAFfenhofen,48.6,11.52
PAN,Landkreis Rottal-Inn,PfArrkircheN,48.42,12.87
PAR,Landkreis Kelheim,PARsberg,48.82,11.86
PB,Kreis Paderborn,PaderBorn,51.71,8.74
PCH,Landkreis Ludwigslust-Parchim,ParCHim,53.45,11.55
PE,Landkreis Peine,PEine,52.3,10.3
PEG,Landkreis Bayreuth,PEGnitz,49.88,11.56
PF,Pforzheim,PForzheim,48.8907,8.70245
PI,Kreis Pinneberg,PInneberg,53.71,9.73
PIR,Landkreis Sächsische Schweiz-Osterzgebirge,PIRna,50.92,13.87
PL,Vogtlandkreis,PLauen,50.48,12.12
PLÖ,Kreis Plön,PLÖn,54.24,10.36
PM,Landkreis Potsdam-Mittelmark,"Potsdam, Mittelmark",52.142222222222,12.595555555556
PN,Saale-Orla-Kreis,PößNeck,50.58,11.71
PR,Landkreis Prignitz,PRignitz,53.11,11.96
PRÜ,Eifelkreis Bitburg-Prüm,PRÜm,50.06,6.41
PS,Pirmasens,PirmaSens,49.197222222222,7.6080555555556
PW,Landkreis Vorpommern-Greifswald,PaseWalk,53.76,13.89
PZ,Landkreis Uckermark,PrenZlau,53.21,13.86
QFT,Saalekreis,QuerFurT,51.43,11.87
QLB,Landkreis Harz,QuedLinBurg,51.82,10.96
R,Regensburg,Regensburg,49.01525,12.10175
RA,Landkreis Rastatt,RAstatt,48.860833333333,8.2130555555556
RC,Vogtlandkreis,ReiChenbach,50.48,12.12
RD,Kreis Rendsburg-Eckernförde,RenDsburg,54.29,9.78
RDG,Landkreis Vorpommern-Rügen,Ribnitz-DamGarten,54.25,13.02
RE,Kreis Recklinghausen,REcklinghausen,51.608888888889,7.2047222222222
REG,Landkreis Regen,REGen,49.02,13.1
REH,Landkreis Hof,REHau,50.288462,11.795197
REI,Landkreis Berchtesgadener Land,REIchenhall,47.7,12.9
RG,Landkreis Meißen,"Riesa, Großenhain",51.166666666667,13.483333333333
RH,Landkreis Roth,RotH,49.2,11.12
RI,Landkreis Schaumburg,RInteln,52.29,9.21
RID,Landkreis Kelheim,RIeDenburg,48.82,11.86
RIE,Landkreis Meißen,RIEsa,51.166666666667,13.483333333333
RL,Landkreis Mittelsachsen,RochLitz,50.913097,13.354863
RM,Landkreis Mecklenburgische Seenplatte,Röbel/Müritz,53.55,12.98
RN,Landkreis Havelland,RatheNow,52.6075,12.3325
RO,Rosenheim,ROsenheim,47.856111111111,12.128888888889
ROD,Landkreis Cham,RODing,49.208539,12.667589
ROF,Landkreis Hersfeld-Rotenburg,ROtenburg an der Fulda,50.871597222222,9.7160416666667
ROK,Donnersbergkreis,ROcKenhausen,49.63,7.91
ROL,Landkreis Kelheim,ROttenburg an der Laaber,48.82,11.86
ROS,Landkreis Rostock,ROStock,53.91,12.25
ROT,Landkreis Ansbach,ROthenburg ob der Tauber,49.25,10.47
ROW,Landkreis Rotenburg (Wümme),ROtenburg (Wümme),53.25,9.31
RP,Rhein-Pfalz-Kreis,Rhein-Pfalz,49.42,8.36
RPL,"Rheinland-Pfalz, Landesregierung",Rheinland-Pfälzischer Landtag,48.470833333333,7.9408333333333
RS,Remscheid,RemScheid,51.178333333333,7.1994444444444
RSL,Dessau-Roßlau,RosSLau,51.860555555556,12.246944444444
RT,Landkreis Reutlingen,ReuTlingen,48.494166666667,9.2180555555556
RU,Landkreis Saalfeld-Rudolstadt,RUdolstadt,50.64,11.31
RÜD,Rheingau-Taunus-Kreis,RÜDesheim,50.148402777778,8.0732638888889
RÜG,Landkreis Vorpommern-Rügen,RÜGen,54.25,13.02
RV,Landkreis Ravensburg,RaVensburg,47.787222222222,9.6169444444444
RW,Landkreis Rottweil,RottWeil,48.161666666667,8.6327777777778
RZ,Kreis Herzogtum Lauenburg,RatZeburg,53.59,10.6
S,Stuttgart,Stuttgart,48.775555555556,9.1827777777778
SAB,Landkreis Trier-Saarburg,SAarBurg,49.7,6.69
SAD,Landkreis Schwandorf,SchwAnDorf,49.37,12.25
SÄK,Landkreis Waldshut,SÄcKingen,47.6225,8.2055555555556
SAL,Saarland,SAarländischer Landtag,49.383333333333,6.8333333333333
SAN,Landkreis Hof,StAdtsteiNach,50.288462,11.795197
SAW,Altmarkkreis Salzwedel,SAlzWedel,52.68,11.23
SB,Regionalverband Saarbrücken,SaarBrücken,49.25,6.96
SBG,Landkreis Vorpommern-Greifswald,StrasBurG,53.76,13.89
SBK,Salzlandkreis,SchöneBecK,51.85,11.64
SC,Schwabach,SChwabach,49.329166666667,11.020833333333
SCZ,Saale-Orla-Kreis,SChleiZ,50.58,11.71
SDH,Kyffhäuserkreis,SonDersHausen,51.32,10.98
SDL,Landkreis Stendal,StenDaL,52.7,11.84
SDT,Landkreis Uckermark,SchweDT,53.21,13.86
SE,Kreis Segeberg,SEgeberg,53.92,10.14
SEB,Landkreis Sächsische Schweiz-Osterzgebirge,SEBnitz,50.92,13.87
SEE,Landkreis Märkisch-Oderland,SEElow,52.61,14.15
SEF,Landkreis Neustadt an der Aisch-Bad Windsheim,SchEinFeld,49.57,10.47
SEL,Landkreis Wunsiedel im Fichtelgebirge,SELb,50.09,12.04
SFB,Landkreis Oberspreewald-Lausitz,SenFtenBerg,51.518888888889,14.005555555556
SFT,Salzlandkreis,StaßFurT,51.85,11.64
SG,Solingen,SolinGen,51.171388888889,7.0833333333333
SGH,Landkreis Mansfeld-Südharz,SanGerHausen,51.54,11.36
SH,Schleswig-Holstein,Schleswig-Holstein,54.185537583333,9.8220958888889
SHA,Landkreis Schwäbisch Hall,Schwäbisch HAll,49.116111111111,9.7372222222222
SHG,Landkreis Schaumburg,StadtHaGen,52.29,9.21
SHK,Saale-Holzland-Kreis,Saale-Holzland-Kreis,50.92,11.75
SHL,Suhl,SuHL,50.610833333333,10.693333333333
SI,Kreis Siegen-Wittgenstein,SIegen,50.94,8.19
SIG,Landkreis Sigmaringen,SIGmaringen,48.090555555556,9.2147222222222
SIM,Rhein-Hunsrück-Kreis,SIMmern,50.04,7.5
SK,Saalekreis,SaaleKreis,51.43,11.87
SL,Kreis Schleswig-Flensburg,SchLeswig,54.62,9.51
SLE,Kreis Düren,SchLEiden,50.8057,6.4879
SLF,Landkreis Saalfeld-Rudolstadt,SaaLFeld,50.64,11.31
SLG,Landkreis Ravensburg,SauLGau,47.787222222222,9.6169444444444
SLK,Salzlandkreis,SalzLandKreis,51.85,11.64
SLN,Landkreis Altenburger Land,SchmölLN,50.96,12.4
SLS,Landkreis Saarlouis,SaarLouiS,49.36,6.78
SLÜ,Main-Kinzig-Kreis,SchLÜchtern,50.201111111111,9.1975
SLZ,Wartburgkreis,SaLZungen,50.89,10.21
SM,Landkreis Schmalkalden-Meiningen,SchMalkalden,50.63,10.4
SMÜ,Landkreis Augsburg,SchwabMÜnchen,48.35,10.73
SN,Schwerin,SchweriN,53.628888888889,11.415
SO,Kreis Soest,SOest,51.56,8.22
SOB,Landkreis Neuburg-Schrobenhausen,SchrOBenhausen,48.66,11.2
SOG,Landkreis Weilheim-Schongau,SchOnGau,47.79,11.05
SOK,Saale-Orla-Kreis,Saale-Orla-Kreis,50.58,11.71
SÖM,Landkreis Sömmerda,SÖMmerda,51.16,11.16
SON,Landkreis Sonneberg,SONneberg,50.41,11.13
SP,Speyer,SPeyer,49.3172,8.441
SPB,Landkreis Spree-Neiße,SPremBerg,51.75,14.652777777778
SPN,Landkreis Spree-Neiße,"SPree, Neiße",51.75,14.652777777778
SR,Landkreis Straubing-Bogen,StRaubing,48.9,12.58
SRB,Landkreis Märkisch-Oderland,StRausBerg,52.61,14.15
SRO,Saale-Holzland-Kreis,StadtROda,50.92,11.75
ST,Kreis Steinfurt,STeinfurt,52.21,7.58
STA,Landkreis Starnberg,STArnberg,48.01,11.28
STB,Landkreis Ludwigslust-Parchim,STernBerg,53.45,11.55
STD,Landkreis Stade,STaDe,53.59,9.41
STE,Landkreis Lichtenfels,STaffelstEin,50.11,11.12
STL,Erzgebirgskreis,STolLberg,50.61,12.95
STO,Landkreis Konstanz,STOckach,47.669166666667,9.1777777777778
SU,Rhein-Sieg-Kreis,SiegbUrg,50.793,7.2071
SUL,Landkreis Amberg-Sulzbach,SULzbach-Rosenberg,49.49,11.8
SÜW,Landkreis Südliche Weinstraße,SÜdliche Weinstraße,49.19,8.05
SW,Schweinfurt,SchWeinfurt,50.045,10.234166666667
SWA,Rheingau-Taunus-Kreis,SchWAlbach,50.148402777778,8.0732638888889
SY,Landkreis Diepholz,SYke,52.72,8.73
SZ,Salzgitter,SalZgitter,52.15039,10.35932
SZB,Erzgebirgskreis,SchwarZenBerg,50.61,12.95
TBB,Main-Tauber-Kreis,TauBerBischofsheim,49.623055555556,9.6611111111111
TDO,Landkreis Nordsachsen,"Torgau, Delitzsch, Oschatz",51.47,12.78
TE,Kreis Steinfurt,TEcklenburg,52.21,7.58
TET,Landkreis Rostock,TETerow,53.91,12.25
TF,Landkreis Teltow-Fläming,"Teltow, Fläming",52.07,13.28
TG,Landkreis Nordsachsen,TorGau,51.47,12.78
THL,Thüringen,THüringer Landtag,50.903333333333,11.026388888889
THW,Bundesanstalt Technisches Hilfswerk,Technisches HilfsWerk,48.168055555556,8.6247222222222
TIR,Landkreis Tirschenreuth,TIRschenreuth,49.9,12.2
TO,Landkreis Nordsachsen,"Torgau, Oschatz",51.47,12.78
TÖL,Landkreis Bad Tölz-Wolfratshausen,TÖLz,47.73,11.48
TP,Landkreis Uckermark,TemPlin,53.21,13.86
TR,Landkreis Trier-Saarburg,TRier,49.7,6.69
TS,Landkreis Traunstein,TraunStein,47.89,12.58
TT,Bodenseekreis,TeTtnang,47.657777777778,9.4519444444444
TÜ,Landkreis Tübingen,TÜbingen,48.511111111111,9.0466666666667
TUT,Landkreis Tuttlingen,TUTtlingen,47.9822,8.8058
ÜB,Bodenseekreis,ÜBerlingen,47.657777777778,9.4519444444444
UE,Landkreis Uelzen,UElzen,52.98,10.55
UEM,Kreis Ueckermünde,UEckerMünde,49.23265,6.99619
UFF,Landkreis Neustadt an der Aisch-Bad Windsheim,UFFenheim,49.57,10.47
UH,Unstrut-Hainich-Kreis,"Unstrut, Hainich",51.19,10.55
UL,Ulm,ULm,48.400833333333,9.9872222222222
UM,Landkreis Uckermark,UckerMark,53.21,13.86
UN,Kreis Unna,UNna,51.578333333333,7.6366666666667
USI,Hochtaunuskreis,USIngen,50.215416666667,8.6163888888889
V,Vogtlandkreis,Vogtland,50.48,12.12
VAI,Landkreis Ludwigsburg,VAIhingen,48.890277777778,9.2011111111111
VB,Vogelsbergkreis,VogelsBerg,50.640763888889,9.3997916666667
VEC,Landkreis Vechta,VEChta,52.69,8.22
VER,Landkreis Verden,VERden,52.97,9.18
VG,Landkreis Vorpommern-Greifswald,Vorpommern-Greifswald,53.76,13.89
VIB,Landkreis Landshut,VIlsBiburg,48.56,12.2
VIE,Kreis Viersen,VIErsen,51.2585,6.3918
VIT,Landkreis Regen,VIechTach,49.02,13.1
VK,Völklingen,VölKlingen,49.25298,6.85666
VOH,Landkreis Neustadt an der Waldnaab,VOHenstrauß,49.69,12.1
VR,Landkreis Vorpommern-Rügen,Vorpommern-Rügen,54.25,13.02
VS,Schwarzwald-Baar-Kreis,Villingen-Schwenningen,48.06,8.4677777777778
W,Wuppertal,Wuppertal,51.256176,7.150829
WA,Landkreis Waldeck-Frankenberg,WAldeck,51.269298,8.856665
WAF,Kreis Warendorf,WArendorF,51.9414,7.9862
WAK,Wartburgkreis,WArtburgKreis,50.89,10.21
WAN,Herne,WANne,51.541944444444,7.2238888888889
WAR,Kreis Höxter,WARburg,51.68,9.18
WAT,Bochum,WATtenscheid,51.48012,7.21662
WB,Landkreis Wittenberg,WittenBerg,51.82,12.7
WBS,Landkreis Eichsfeld,WorBiS,51.38,10.25
WDA,Landkreis Zwickau,WerDAu,50.75,12.53
WE,Weimar,WEimar,50.979444444444,11.329722222222
WEL,Landkreis Limburg-Weilburg,WEiLburg,50.386875,8.0595138888889
WEN,Weiden in der Oberpfalz,WEideN,49.67527,12.16321
WER,Landkreis Augsburg,WERtingen,48.35,10.73
WES,Kreis Wesel,WESel,51.65766,6.61537
WF,Landkreis Wolfenbüttel,WolFenbüttel,52.13,10.58
WG,Landkreis Ravensburg,WanGen,47.787222222222,9.6169444444444
WHV,Wilhelmshaven,WilhelmsHaVen,53.521944444444,8.1075
WI,Wiesbaden,WIesbaden,50.0825,8.24
WIL,Landkreis Bernkastel-Wittlich,WIttLich,49.92,6.97
WIS,Kreis Wismar,WISmar,51.57168,8.10755
WIT,Ennepe-Ruhr-Kreis,WITten,51.346666666667,7.3238888888889
WIZ,Werra-Meißner-Kreis,WItZenhausen,51.188541666667,10.053333333333
WK,Landkreis Ostprignitz-Ruppin,WittstocK,52.991375,12.636131
WL,Landkreis Harburg,Winsen (Luhe),53.32,9.96
WLG,Kreis Wolgast,WoLGast,50.3575,11.175555555556
WM,Landkreis Weilheim-Schongau,WeilheiM,47.79,11.05
WMS,Landkreis Börde,WolMirStedt,52.22,11.35
WN,Rems-Murr-Kreis,WaiblingeN,48.829722222222,9.3161111111111
WND,Landkreis St. Wendel,WeNDel,49.52,7.1
WO,Worms,WOrms,49.633055555556,8.3608333333333
WOB,Wolfsburg,WOlfsBurg,52.423055555556,10.787222222222
WOH,Landkreis Kassel,WOlfHagen,51.311111111111,9.4859027777778
WOL,Landkreis Freudenstadt,WOLfach,48.461111111111,8.4180555555556
WOR,Landkreis Bad Tölz-Wolfratshausen,WOlfRatshausen,47.73,11.48
WOS,Landkreis Freyung-Grafenau,WOlfStein,48.83,13.51
WR,Landkreis Harz,WernigeRode,51.82,10.96
WRN,Kreis Waren,WaReN,50.101388888889,10.999722222222
WS,Landkreis Mühldorf a.Inn,WasSerburg,48.241074,12.383252
WSF,Burgenlandkreis,WeisSenFels,51.15,11.88
WST,Landkreis Ammerland,WesterSTede,53.22,8.01
WSW,Landkreis Görlitz,WeisSWasser,51.28,14.82
WT,Landkreis Waldshut,WaldshuT,47.6225,8.2055555555556
WTL,Landkreis Osnabrück,WitTLage,52.38,8.05
WTM,Landkreis Wittmund,WitTMund,53.58,7.71
WÜ,Würzburg,WÜrzburg,49.79441,9.92937
WUG,Landkreis Weißenburg-Gunzenhausen,WeißenbUrG,49.03,10.89
WÜM,Landkreis Cham,WaldMÜnchen (mit einem Buchstabendreher),49.208539,12.667589
WUN,Landkreis Wunsiedel im Fichtelgebirge,WUNsiedel,50.09,12.04
WUR,Landkreis Leipzig,WURzen,51.116666666667,12.5
WW,Westerwaldkreis,WesterWald,50.55,7.87
WZ,Lahn-Dill-Kreis,WetZlar,50.560277777778,8.5001388888889
WZL,Landkreis Börde,WanZLeben,52.22,11.35
X,NATO,willkürlich gewählt,50.880555555556,4.4222222222222
Y,Bundeswehr,"„Y“ wurde genommen, da es bei Gründung der Bundeswehr noch frei war. „BW“ o. Ä. war bereits vergeben. (BW = Bundes-Wasserstraßen-Verwaltung)",28.459033,20.039063
Z,Landkreis Zwickau,Zwickau,50.75,12.53
ZE,Landkreis Anhalt-Bitterfeld,ZErbst,51.77,12.07
ZEL,Landkreis Cochem-Zell,ZELl,50.13,7.18
ZI,Landkreis Görlitz,ZIttau,51.28,14.82
ZIG,Schwalm-Eder-Kreis,ZIeGenhain,51.035,9.4008333333333
ZP,Erzgebirgskreis,ZschoPau,50.61,12.95
ZR,Landkreis Greiz,ZeulenRoda,50.75,12.07
ZS,Landkreis Teltow-Fläming,ZoSsen,52.07,13.28
ZW,Zweibrücken,ZWeibrücken,49.249444444444,7.3608333333333
ZZ,Burgenlandkreis,ZeitZ,51.15,11.88
01,17.12.2012,BAnz AT 11.01.2013 B2,47.670833333333,9.5875
02,15.03.2013,BAnz AT 02.04.2013 B8,48.520144,9.053363
03,01.08.2013,BAnz AT 12.08.2013 B4,47.984444444444,8.8186111111111
04,11.09.2013,BAnz AT 24.09.2013 B2,,
05,22.11.2013,BAnz AT 04.12.2013 B2,47.766666666667,9.1583333333333
06,08.04.2014,BAnz AT 17.04.2014 B5,,
07,05.05.2014,BAnz AT 16.05.2014 B2,,
08,30.07.2014,BAnz AT 13.08.2014 B2,52.964722222222,10.565833333333
09,13.11.2014,BAnz AT 26.11.2014 B4,53.73623,14.03881
10,09.12.2014,BAnz AT 17.12.2014 B7,49.545833333333,10.231666666667
11,22.01.2015,BAnz AT 02.02.2015 B3,51.31623,10.2763
12,09.02.2015,BAnz AT 18.02.2015 B3,,
13,23.03.2015,BAnz AT 01.04.2015 B6,,
14,11.05.2015,BAnz AT 20.05.2015 B3,53.1166667,13.5
15,30.07.2015,BAnz AT 10.08.2015 B2,51.534722222222,7.6888888888889
16,23.10.2015,BAnz AT 04.11.2015 B3,50.334027777778,8.5372222222222
17,19.11.2015,BAnz AT 30.11.2015 B4,,
18,04.04.2016,BAnz AT 15.04.2016 B4,,
19,23.05.2016,BAnz AT 03.06.2016 B7,48.932777777778,8.9563888888889
20,22.09.2016,BAnz AT 07.10.2016 B3,50.533333,9.233333
21,13.10.2016,BAnz AT 25.10.2016 B2,52.7266,8.2848
22,15.12.2016,BAnz AT 27.12.2016 B5,52.923333333333,9.235
23,07.02.2017,BAnz AT 20.02.2017 B2,53.76,13.89
24,05.04.2017,BAnz AT 19.04.2017 B5,48.448548,12.355759
25,15.11.2017,BAnz AT 30.11.2017 B3,,
26,22.02.2018,BAnz AT 12.03.2018 B3,,
a26a,27.03.2018,BAnz AT 10.04.2018 B2,51.25683,6.3893
27,27.03.2018,BAnz AT 10.04.2018 B3,49.079166666667,12.884722222222
28,01.11.2018,BAnz AT 14.11.2018 B3,,
29,28.10.2019,BAnz AT 14.11.2019 B4,49.622777777778,12.341944444444
30,05.11.2019,BAnz AT 27.11.2019 B1,54.25,13.02
31,09.12.2019,BAnz AT 30.12.2019 B9,48.063152,8.4929618
32,17.12.2020,BAnz AT 20.01.2021 B4,,
33,08.02.2021,BAnz AT 25.02.2021 B4,,
34,24.02.2021,BAnz AT 19.11.2021 B5,,
35,19.07.2021,BAnz AT 18.08.2021 B7,51.953888888889,7.9933333333333
36,21.07.2021,BAnz AT 18.08.2021 B8,50.966111111111,10.306422222222
Bei,der Nr. 26a handelt es um,eine Korrektur der Nr. 26.,51.5325,7.1616666666667
37,01.11.2021,BAnz AT 17.11.2021 B5,51.488055555556,9.14
38,22.06.2023,BAnz AT 22.06.2023 B3,51.480555555556,7.1325
39,20.09.2023,BAnz AT 06.10.2023 B2,51.86644,12.64351
40,20.08.2024,BAnz AT 20.08.2024 B1,51.421027777778,10.363694444444
41,04.12.2024,BAnz AT 20.12.2024 B6,50.733333333333,12.383333333333
42,16.12.2024,BAnz AT 07.01.2025 B2,,
43,11.04.2025,BAnz AT 29.04.2025 B7,50.483,8.264
44,11.06.2025,BAnz AT 08.07.2025 B3,,
45,,,48.555555555556,10.679166666667
46,,,,
47,,,51.658888888889,6.6177777777778
48,,,52.162222222222,10.536944444444
49,,,47.685833333333,9.8341666666667
50,,,,
51,,,,
52,,,49.986944444444,6.8897222222222
53,,,53.888213888889,11.462016666667
54,,,51.433333333333,7.3333333333333
55,,,51.341566666667,9.8568444444444
56,,,53.163294,12.485617
57,,,53.365141666667,10.209080555556
58,,,54.05,13.766666666667
59,,,47.833333333333,11.133333333333
60,,,52.252445,11.628044
13301,13.03.2015,30.03.2015,48.830277777778,9.3169444444444
26301,21.02.2018,01.09.2018,49.468055555556,7.1725
03806,12.07.2013,Landkreis Amberg-Sulzbach,,
03813,12.07.2013,Landkreis Amberg-Sulzbach,,
03814,10.07.2013,Landkreis Bayreuth,51.3255,9.1705
03815,15.07.2013,Landkreis Nürnberger Land,48.299444444444,8.2227777777778
06103,18.03.2014,01.04.2014,,
26201,18.01.2018,19.02.2018,47.914166666667,11.418611111111
21001,13.10.2016,01.10.2016,,
21003,13.10.2016,14.10.2016,,
16002,05.08.2015,01.09.2015,48.8128,13.5428
08202,28.04.2014,25.07.2014,51.835833333333,10.776666666667
27203,27.03.2018,02.07.2018,53.516666666667,12.683333333333
15102,12.05.2015,15.07.2015,48.061,12.2335
08205,28.04.2014,04.08.2014,,
03839,10.07.2013,Landkreis Schwandorf,51.20097,11.97246
18508,21.03.2016,01.12.2014,53.25,7.9166666666667
OVP,02419,12.03.2013,51.5,14.6333
03849,15.07.2013,Landkreis Nürnberger Land,47.630555555556,8.2494444444444
08207,28.04.2014,04.08.2014,52.318055555556,8.3738888888889
08210,28.04.2014,25.07.2014,53.574858333333,7.7809277777778
08211,28.04.2014,04.08.2014,,
10301,09.12.2014,15.07.2015,,
32002,17.12.2020,01.03.2021,49.030555555556,10.971944444444
33002,08.02.2021,01.04.2021,49.37762,12.706301
31003,09.12.2019,22.07.2020,50.038611111111,12.004722222222
32003,17.12.2020,01.03.2021,51.366666666667,12.733333333333
UER,02428,12.03.2013,50.661138888889,8.1014722222222
08214,28.04.2014,25.07.2014,50.557777777778,8.5044444444444
28001,12.09.2018,02.01.2019,52.060555555556,11.445277777778
22002,15.12.2016,01.03.2017,,
26203,18.01.2018,19.02.2018,,
28002,12.09.2018,02.01.2019,,
09.11.2012,Landkreises Sächsische Schweiz-Osterzgebirge,42,50.92,13.87
12.11.2012,Landkreis Sächsische Schweiz-Osterzgebirge,3,50.92,13.87
13.11.2012,Recklinghausen,3,51.608888888889,7.2047222222222
14.11.2012,Bochum,3,51.48012,7.21662
15.11.2012,Aurich,14,53.5,7.37
17.11.2012,Kreis Düren,1,50.8057,6.4879
19.11.2012,Landkreis Trier-Saarburg,1,49.7,6.69
23.11.2012,Kreis Unna,1,51.578333333333,7.6366666666667
26.11.2012,Landkreis Bernkastel-Wittlich,1,49.92,6.97
27.11.2012,Sachsen-Anhalt,38,50.648754,11.979978
29.11.2012,Thüringen,20,52.215833333333,13.449166666667
03.12.2012,Soest,3,51.56,8.22
12.12.2012,Herne,1,51.541944444444,7.2238888888889
02.01.2013,Darmstadt-Dieburg,9,49.898472222222,8.6755555555556
01.02.2013,Kreis Borken,2,51.8515,6.8424
20.02.2013,Kreis Euskirchen,1,50.6692,6.7838
25.02.2013,Böblingen,4,48.682222222222,9.0097222222222
14.03.2013,Landkreis Vorpommern-Greifswald,5,53.76,13.89
15.03.2013,Landkreis Oberspreewald-Lausitz,6,51.518888888889,14.005555555556
18.03.2013,Märkisch-Oderland,16,52.61,14.15
19.03.2013,Barnim,5,52.82,13.7
02.04.2013,Landkreis Elbe-Elster,4,51.6925,13.235555555556
06.05.2013,Landkreis Mayen-Koblenz,1,50.33,7.33
29.05.2013,Landkreis Elbe-Elster,1,51.6925,13.235555555556
02.07.2013,Städteregion Aachen,1,50.7687,6.097
03.07.2013,Kreis Steinfurt,2,52.21,7.58
08.07.2013,Rhein-Lahn-Kreis,2,50.33298753721,7.7070486545563
10.07.2013,Landkreis Vorpommern-Greifswald,49,53.76,13.89
11.07.2013,Aichach-Friedberg,3,48.43,11.05
12.07.2013,Landkreis Amberg-Sulzbach,1,49.49,11.8
13.07.2013,Landkreis Günzburg,1,48.35,10.38
15.07.2013,Landkreis Nürnberger Land,2,49.49,11.37
16.07.2013,Landkreis Lichtenfels,1,50.11,11.12
22.07.2013,Landkreis Mecklenburgische Seenplatte,3,53.55,12.98
01.08.2013,Landkreis Hersfeld-Rotenburg,6,50.871597222222,9.7160416666667
15.08.2013,Rheingau-Taunus-Kreis,1,50.148402777778,8.0732638888889
02.09.2013,Kreis Heinsberg,2,51.061,6.1081
16.09.2013,Landkreis Weilheim-Schongau,2,47.79,11.05
04.11.2013,Landkreis Waldeck-Frankenberg,2,51.269298,8.856665
02.12.2013,Landkreis Freudenstadt,1,48.461111111111,8.4180555555556
09.12.2013,Landkreis Rastatt,1,48.860833333333,8.2130555555556
07.01.2014,Main-Tauber-Kreis,1,49.623055555556,9.6611111111111
28.03.2014,Landkreis Schwäbisch Hall,1,49.116111111111,9.7372222222222
31.03.2014,Ortenaukreis,3,48.464722222222,7.9411111111111
01.04.2014,Landkreis Haßberge,2,50.06,10.61
03.04.2014,Landkreis Uckermark,4,53.21,13.86
22.04.2014,Kreis Warendorf,1,51.9414,7.9862
02.05.2014,Lahn-Dill-Kreis,1,50.560277777778,8.5001388888889
16.05.2014,Kreis Coesfeld,1,51.9442,7.1744
10.06.2014,Kreis Kleve,1,51.781,6.1382
14.07.2014,Landkreis Ludwigsburg,1,48.890277777778,9.2011111111111
25.07.2014,Landkreis Landshut,1,48.56,12.2
04.08.2014,Landkreis Hof,1,50.288462,11.795197
10.11.2014,Landkreis Esslingen,1,48.734166666667,9.3105555555556
24.11.2014,Kreis Paderborn,1,51.71,8.74
02.02.2015,Landkreis Erlangen-Höchstadt,1,49.64,10.91
10.02.2015,Hohenlohekreis,1,49.2775,9.6866666666667
02.03.2015,Kreis Viersen,1,51.2585,6.3918
16.03.2015,Schwalm-Eder-Kreis,3,51.035,9.4008333333333
20.04.2015,Kreis Dithmarschen,1,54.13,9.11
02.07.2015,Landkreis Dahme-Spreewald,3,51.941944444444,13.896388888889
03.08.2015,Leverkusen,1,51.033333333333,6.9833333333333
19.08.2015,Rhein-Kreis Neuss,1,51.1966,6.6953
04.01.2016,Landkreis Havelland,2,52.6075,12.3325
15.09.2016,Landkreis Berchtesgadener Land,3,47.7,12.9
01.11.2016,Landkreis Göttingen,1,51.5,9.93
01.03.2017,Augsburg,2,48.35,10.73
01.09.2017,Landkreis Oder-Spree,3,52.24,14.22
15.01.2018,Landkreis Miltenberg,1,49.76,9.23
01.03.2018,Landkreis Regen,1,49.02,13.1
23.04.2018,Landkreis Diepholz,1,52.72,8.73
11.06.2018,Landkreis Osnabrück,3,52.38,8.05
02.07.2018,Landkreis Straubing-Bogen,1,48.9,12.58
08.11.2019,Kreis Höxter,1,51.68,9.18
03.02.2020,Bodenseekreis,2,47.657777777778,9.4519444444444
22.07.2020,Landkreis Ravensburg,2,47.787222222222,9.6169444444444
01.03.2021,Landkreis Sigmaringen,1,48.090555555556,9.2147222222222
15.03.2021,Landkreis Waldshut,1,47.6225,8.2055555555556
01.07.2021,Wartburgkreis,1,50.89,10.21
16.08.2021,Lahn-Dill-Kreis,1,50.560277777778,8.5001388888889
18.10.2021,Landkreis Neunkirchen,1,49.38,7.12
02.10.2023,Landkreis Breisgau-Hochschwarzwald,2,47.999444444444,7.8577777777778
16.09.2024,Schwarzwald-Baar-Kreis,1,48.06,8.4677777777778
03.02.2025,Landkreis Karlsruhe,1,49.07,8.52
03.03.2025,Landkreis Teltow-Fläming,3,52.07,13.28
10.05.2025,Kreis Minden-Lübbecke,1,52.281944444444,8.9111111111111